{"_runtime":354.656407978,"val_macro_AUPRC":0.2899446769286827,"val_macro_AUROC":0.6674771058880952,"epoch":5,"train_loss":0.3993643980668806,"_step":4,"val_loss":0.40427159789040334,"val_micro_F1":0.16027106466361854,"_timestamp":1.7495804877199411e+09,"_wandb":{"runtime":371},"val_macro_F1":0.09367214752797448}